userId,firstName,lastName,DOB,gender,email,role
1,Putnam,Fidian,4/11/1980,Genderqueer,pfidian0@techcrunch.com,member
2,Sisile,Skerratt,1/2/1996,Female,sskerratt1@photobucket.com,member
3,Luis,Corah,12/25/1961,Male,lcorah2@devhub.com,member
4,Venus,Ochiltree,7/6/1980,Female,vochiltree3@nationalgeographic.com,member
5,Jo,Calltone,2/1/1975,Non-binary,jcalltone4@umn.edu,member
6,Cirilo,Vasilov,12/9/1993,Male,cvasilov5@smugmug.com,member
7,Emelina,Nealon,1/1/1991,Female,enealon6@netlog.com,member
8,Aristotle,Cowan,9/12/1964,Male,acowan7@samsung.com,member
9,Alice,Fossord,2/28/1966,Female,afossord8@nytimes.com,member
10,Fonzie,Gaitskell,7/1/1994,Male,fgaitskell9@merriam-webster.com,member
11,Eran,Stivey,11/23/1992,Female,estiveya@dion.ne.jp,member
12,Thorin,Blakeborough,8/22/1987,Genderfluid,tblakeboroughb@networksolutions.com,member
13,Krista,Mintoff,9/12/1977,Female,kmintoffc@meetup.com,member
14,Catlin,Pickup,12/22/1989,Female,cpickupd@marketwatch.com,member
15,Pace,Gilham,11/7/1966,Male,pgilhame@altervista.org,member
16,Karie,Deddum,10/2/1961,Female,kdeddumf@spotify.com,member
17,Corny,Gonzalez,12/5/1971,Female,cgonzalezg@accuweather.com,member
18,Alano,Sainsbury-Brown,8/18/1960,Male,asainsburybrownh@mapy.cz,member
19,Evangelin,Bankes,4/25/1993,Female,ebankesi@home.pl,admin
20,Dyanne,Liddyard,9/17/1967,Female,dliddyardj@smh.com.au,member
21,Sayers,Treeby,12/9/1987,Male,streebyk@nhs.uk,member
22,Borg,Mulleary,9/26/2005,Male,bmullearyl@cdbaby.com,member
23,Karole,Antoniou,4/11/1984,Female,kantonioum@oakley.com,member
24,Armand,MacAnelley,9/6/1999,Male,amacanelleyn@tumblr.com,member
25,Shandra,Skylett,1/14/1962,Polygender,sskyletto@blinklist.com,member
26,Tye,Skeleton,10/6/1976,Genderqueer,tskeletonp@pagesperso-orange.fr,member
27,Josy,Mackstead,8/20/2003,Female,jmacksteadq@independent.co.uk,member
28,Emili,Vaneev,6/2/1977,Female,evaneevr@independent.co.uk,member
29,Peggie,Course,3/28/1964,Female,pcourses@dyndns.org,member
30,Ginni,Basile,7/2/2003,Female,gbasilet@yelp.com,member
31,Ynes,Fenelon,2/14/1980,Female,yfenelonu@gov.uk,member
32,Amaleta,Leabeater,8/30/1960,Female,aleabeaterv@yolasite.com,member
33,Rivkah,Woolcocks,1/13/1988,Female,rwoolcocksw@macromedia.com,member
34,Gibby,Stiegar,2/27/1973,Male,gstiegarx@miibeian.gov.cn,member
35,Lanie,Duffin,6/11/1973,Male,lduffiny@youku.com,member
36,Mayor,Worling,4/3/2005,Male,mworlingz@facebook.com,member
37,Sloane,Staddon,2/13/1967,Male,sstaddon10@tripadvisor.com,member
38,Saidee,Perfili,11/22/1989,Female,sperfili11@jiathis.com,member
39,Aloise,Prater,9/30/1999,Female,aprater12@hc360.com,member
40,Evelina,Goodger,4/22/1985,Female,egoodger13@businessinsider.com,member
41,Jack,Dreifus,9/5/2005,Male,dreifusjack@gmail.com,member
